,saleamt,attomId
0,882500,411548
1,770000,468091
2,1587500,468092
3,765000,532098
4,715000,652221
5,812500,723008
6,895900,1962447
7,903000,1962448
8,975000,1962449
9,1775000,1962450
10,850000,1962451
11,885000,1962452
12,1203000,1962454
13,810000,1962455
14,925000,1962456
15,682000,1962457
16,995000,1962458
17,1425900,1962459
18,877900,1962460
19,888000,1962461
20,980000,1962462
21,899500,1962463
22,1045000,1962464
23,650000,1962466
24,985000,1962467
25,895000,1962468
26,1100000,1962469
27,1300000,2514355
28,1380000,2514356
29,1732379,2514357
30,1350000,2514358
31,1560000,2514359
32,1350000,2514362
33,1351000,2514364
34,975000,2514367
35,750000,2514368
36,1640000,2514369
37,1945000,2760489
38,925000,2760490
39,1025000,2760491
40,1320000,2760492
41,1065000,2760493
42,782500,2760494
43,1775000,2760495
44,1300000,2760497
45,1237500,2760498
46,945000,2760499
47,930000,2760500
48,929000,2760501
49,1050000,2760502
50,1700000,2760503
51,1320000,3392054
52,640000,3408117
53,810100,3408118
54,943000,3408119
55,1200000,3408120
56,1630000,3408121
57,1150000,3408122
58,1070000,3408123
59,1187500,3408124
60,700000,3408125
61,1015000,3408126
62,675000,3408127
63,770000,3408128
64,1095000,3408129
65,910000,3408130
66,630000,3408131
67,1315000,3408132
68,1500000,3408133
69,1450000,3408134
70,1180000,3408138
71,930000,3408139
72,1975000,4645137
73,1475000,5087419
74,1025000,5089861
75,870000,5089862
76,1190000,5089863
77,1025000,5089864
78,1370000,5089865
79,850000,5089866
80,1470000,5089867
81,899000,5089868
82,1525000,5089869
83,835000,5089870
84,1560000,5089871
85,790000,5089873
86,975000,5089874
87,789900,5089875
88,1950000,7078699
89,810000,7079125
90,820000,7079126
91,715000,7079127
92,877000,7079129
93,675000,7079130
94,1390000,7079131
95,1195000,7079132
96,1050000,7079133
97,1553300,7079134
98,1695000,7079135
99,1099000,7079137
100,1350000,7079138
101,1052000,7079139
102,1050000,7139599
103,395000,7139600
104,750000,7139601
105,840000,7139602
106,750000,7139603
107,605000,7139604
108,1100000,7139606
109,1485000,7139607
110,1150000,7202685
111,835000,7206968
112,680000,7206969
113,660000,7206970
114,1070000,7206971
115,1018000,7206972
116,905000,7206973
117,885000,7206974
118,774900,7206975
119,1315000,7630127
120,967750,7634308
121,1199900,7634309
122,1500000,7634310
123,1675000,7634311
124,1775000,7634312
125,2075000,7634313
126,1100000,7634314
127,820000,7834708
128,766000,7841656
129,910000,7866044
130,800000,7868198
131,1040000,7949377
132,1850000,7982333
133,670000,7985213
134,950000,7985239
135,1349000,8011419
136,1755000,8036054
137,1670000,8089787
138,1250000,8089881
139,1300000,8144134
140,942500,8190162
141,915000,8290288
142,1999900,8297479
143,950000,8318970
144,1025000,8318971
145,1035000,8318972
146,1180000,8318973
147,695000,8318975
148,1050000,8318976
149,890000,8318977
150,1390000,8318978
151,675000,8318980
152,800000,8323533
153,1450000,8326594
154,1950000,8356824
155,750000,8375368
156,875000,8525228
157,1130000,8591988
158,901600,8693665
159,985000,8739940
160,626000,8771067
161,925000,8773895
162,765000,8945228
163,1100000,8965493
164,664500,8992480
165,870000,8992607
166,1675000,9107574
167,612000,9116663
168,2600000,9158452
169,1040000,9229205
170,925000,9464144
171,875000,9465523
172,725000,9484506
173,995000,9707324
174,810000,10155765
175,922500,10392279
176,975000,10393374
177,1250000,10572043
178,825500,11051072
179,990000,11051073
180,1390000,11051074
181,1050000,11051076
182,1014500,11051077
183,1755000,11051078
184,1250000,11051079
185,1250000,11051080
186,1640000,11051082
187,2175000,11051083
188,1485000,11051084
189,800000,11671962
190,813000,11686938
191,799000,11687325
192,1480000,12056684
193,1325000,12056687
194,1255000,12056689
195,1550000,12056690
196,1990000,12056691
197,1050000,12056692
198,1425000,12056693
199,1535000,12056694
200,2000000,12056695
201,985000,12056696
202,1550000,12056698
203,886000,12938027
204,815000,13070436
205,1127500,13307107
206,893000,13399379
207,801000,13877620
208,600000,13924761
209,1336000,14172359
210,1850000,14172360
211,897000,14172361
212,715000,14417015
213,822200,14418302
214,999000,14418614
215,485000,14592112
216,860000,14628126
217,675000,14698341
218,780000,14758254
219,1149000,14979840
220,915000,15124782
221,2000000,15355922
222,1100000,15355923
223,1527000,15355924
224,2950000,15355927
225,665000,15355928
226,1000000,15355929
227,685000,15355930
228,690000,15355931
229,1240000,15534684
230,1035000,15561979
231,765000,15566003
232,825000,15591266
233,960000,15591267
234,1260000,15591268
235,1600000,15591269
236,780000,15661267
237,1300000,15747438
238,1600000,15747456
239,1080000,15846133
240,750000,15846134
241,900000,15846135
242,2350000,16048980
243,2327066,16048981
244,641000,16048986
245,850000,16094920
246,1155000,16293861
247,918000,16499685
248,1780000,16499686
249,686000,16499687
250,810000,16499688
251,740000,16499690
252,920000,16499692
253,1250000,16499693
254,1600000,16499694
255,875000,17040892
256,849900,17040927
257,1400000,18061945
258,1657500,18062204
259,1600000,18575566
260,1060000,18836037
261,940000,18836038
262,1630000,18836039
263,1585000,18836040
264,952000,18875887
265,880000,18875888
266,1000000,18875895
267,1090000,18875896
268,1575000,19045570
269,1132000,19108746
270,1150000,19313077
271,1500000,19362437
272,750000,19832761
273,1065000,20345107
274,1477000,20555453
275,1555000,20555455
276,730000,20758365
277,875000,21705236
278,700000,21705237
279,695000,21705238
280,1050000,21865400
281,1175000,21865401
282,795000,21865402
283,1200000,21865403
284,1859900,22270726
285,1900000,22270727
286,1825000,22270728
287,345828,22270730
288,749000,22270736
289,630000,22270737
290,1600000,22741411
291,1000000,22741498
292,549900,23105615
293,635000,23598321
294,2400000,23621229
295,840000,23895568
296,880000,22074276
297,1310000,23977858
298,1187000,22074275
299,2600000,22074069
300,1350000,22074066
301,1700000,22017151
302,975000,22017095
303,916000,21937654
304,580000,21566739
305,850000,21382003
306,1555000,21362102
307,657000,21362093
308,1050000,21230300
309,1124000,21230298
310,1400000,21230296
311,1200000,21230294
312,725000,21229517
313,800000,21229516
314,1125000,21229515
315,865000,21229513
316,1000000,21229510
317,1130000,20877115
318,765000,20862385
319,975000,20860875
320,860000,20791537
321,792500,20791536
322,750000,20791535
323,1600000,20791532
324,1207000,20791530
325,660000,20790035
326,580000,20779634
327,1020000,20569608
328,1080000,20569607
329,965000,20569606
330,293109,20555450
331,1480000,20171681
332,1000000,20171680
333,1169000,20171679
334,810000,25419428
335,2050000,20171676
336,780000,20171675
337,1271500,20171674
338,470000,20171673
339,899000,20160392
340,700000,20160390
341,883000,20160389
342,670000,20160388
343,650000,20160387
344,932500,25773763
345,725000,20160386
346,952500,20160383
347,1573500,20084943
348,800000,19969080
349,904000,19969078
350,1250000,25992231
351,750000,25992232
352,1675000,25992233
353,935000,19969075
354,1310000,19969072
355,795000,19969071
356,783000,19969070
357,885000,19969069
358,900000,19675647
359,1600000,19675646
360,3000000,19675645
361,1000000,19675644
362,980000,19675643
363,695000,19675642
364,727500,19675640
365,800000,19675638
366,800000,19560271
367,1520000,19511350
368,1250000,19202683
369,1100000,19202682
370,1700000,19202681
371,1907500,19202679
372,2500000,27232609
373,1065000,27232614
374,2100000,27232615
375,968000,27232616
376,1295000,27454523
377,1495000,27454592
378,1560000,27454619
379,775000,19202676
380,1355000,19202675
381,1980000,19154065
382,272400,95428
383,290000,119910
384,815000,411088
385,26000,481700
386,552000,502863
387,554000,581552
388,424000,623721
389,364900,3234422
390,510000,3234423
391,570000,3234424
392,881000,3234425
393,358000,3234426
394,395000,3234427
395,168000,3234428
396,460900,3234429
397,158500,3234430
398,330000,3234431
399,526400,3300372
400,359000,3300373
401,510000,3300374
402,549900,3300375
403,540000,3300376
404,845000,3300377
405,283000,3300378
406,165000,3300379
407,625000,3304472
408,43886,3464381
409,685000,3480594
410,340000,3500272
411,450000,3500273
412,370000,3500274
413,379000,3500275
414,489000,3500276
415,549000,3500277
416,175000,3500278
417,449900,3500279
418,71002,3500280
419,25900,3500282
420,304153,3500284
421,164900,3500285
422,182400,3500286
423,387813,4041105
424,384000,4041106
425,749900,4041107
426,700000,4041108
427,550000,4041109
428,187900,4041110
429,300000,4041113
430,250000,4041114
431,950000,4041115
432,232500,4041116
433,145000,4041117
434,450000,4041118
435,605000,4041129
436,389900,4041130
437,483000,4041131
438,193750,4041132
439,562500,4041133
440,145000,4041134
441,660000,4041135
442,239000,4041138
443,630000,4041139
444,190000,4041141
445,406500,4041142
446,333000,4041143
447,745000,4841383
448,520000,4865184
449,559000,7653100
450,315000,7799302
451,860000,8073358
452,430000,8095373
453,330000,8149386
454,970000,8160976
455,526500,8706525
456,708000,8727070
457,729000,8966525
458,450000,9001958
459,430000,9918015
460,495000,10283304
461,462467,10307317
462,220000,10312524
463,1250000,10653677
464,620000,10720572
465,785000,11009630
466,10835,11333053
467,90000,12151919
468,114500,12151958
469,467500,13181163
470,600000,13181798
471,115999,13283242
472,900000,13308934
473,200000,13576440
474,325000,13726153
475,580000,13744292
476,425000,13794275
477,530000,13897946
478,510000,14270685
479,395000,14966287
480,350000,15006688
481,250000,15398427
482,945000,17994352
483,785000,19358916
484,248680,20217767
485,133790,20217768
486,190000,20217769
487,300100,20217770
488,245000,20217771
489,115000,20217772
490,650000,20217773
491,440000,20217775
492,104882,21548743
493,89850,21548744
494,345000,21548746
495,375000,21548747
496,96182,21548748
497,216000,21548751
498,290000,21801505
499,160000,23958832
500,840000,26343319
501,530000,26352219
502,1274000,26352220
503,664382,26352221
504,800000,26352222
505,1200000,26352223
506,700000,26352224
507,540000,27483250
508,164719,29745576
509,285000,29762438
510,1195000,29768855
511,535000,29828973
512,325000,29894578
513,399900,29913670
514,585000,30045002
515,615000,33669937
516,675000,33704940
517,740000,33757455
518,342000,33781382
519,278000,33809139
520,450000,33779432
521,340000,33815988
522,497500,33830316
523,335000,33777074
524,475000,33775323
525,1100000,33772784
526,457500,33756088
527,630000,33721356
528,699000,33691599
529,443000,33883273
530,470664,33689350
531,293280,33676485
532,365000,29954063
533,330000,29932825
534,414900,33930176
535,717000,29535091
536,629000,29535090
537,87500,29535089
538,700000,33961724
539,433000,33991032
540,540000,29535088
541,751900,29535087
542,473813,29535084
543,1280000,29534953
544,835000,29534952
545,695000,29534951
546,900000,34029288
547,559000,29534950
548,530000,34037235
549,340000,34049376
550,940000,29534949
551,394000,34070608
552,581000,29534947
553,629900,29534946
554,1150000,29534945
555,329950,34109072
556,80000,29534690
557,397000,34170498
558,385000,34170580
559,395000,34170654
560,398500,34175786
561,1200000,34183814
562,210000,29534687
563,335000,29534686
564,447000,29534685
565,280000,29534684
566,375100,29534683
567,275000,29211875
568,350000,34201093
569,360000,28406564
570,939481,34220462
571,164000,28406563
572,275000,28406562
573,865000,28406561
574,462236,28406560
575,249000,28406559
576,935000,28406558
577,489900,28406557
578,770000,28406556
579,406000,34512779
580,311000,28406555
581,305000,28406554
582,430000,28406553
583,175000,28406552
584,735000,34538238
585,320900,28406551
586,514900,28406550
587,275000,28406548
588,485000,28406536
589,525000,34549663
590,273000,28406448
591,459900,28406447
592,440000,28406446
593,292404,28406445
594,550000,28406432
595,509000,28406431
596,410000,28406430
597,425000,28406429
598,730000,28406428
599,267750,28397504
600,430100,28397501
601,375000,28397500
602,542500,27550192
603,566000,27550171
604,220000,27550127
605,305000,27384194
606,655000,27384193
607,605000,27384192
608,425000,27384191
609,157900,27267740
610,353219,27267739
611,700000,27267738
612,420918,34905885
613,170000,34905887
614,82900,34905888
615,192500,27267737
616,585000,27267736
617,468000,27267735
618,309000,27267734
619,128000,27267733
620,310000,26656440
621,399000,26364453
622,409688,26364452
623,118500,26364450
624,282780,26364449
625,281,26364448
626,145000,26364447
627,910000,26352217
628,117000,26352216
629,130000,26264394
630,989000,26075993
631,351038,26075992
632,70000,26075991
633,597000,26075990
634,205000,26075989
635,658839,26075988
636,560000,26075987
637,865000,26075985
638,1950000,25665734
639,431000,25507311
640,278000,25262105
641,154900,25262104
642,335000,23909957
643,300000,23791936
644,45000,23791935
645,274900,23292416
646,98000,23151818
647,838000,22309486
648,324900,21257477
649,1685500,20954161
650,758000,20811301
651,780000,20811133
652,180700,20694761
653,167000,20694760
654,359000,20694759
655,425000,20694758
656,415000,20694756
657,480000,20694755
658,585000,20694754
659,157900,20694753
660,200000,20567101
661,315000,20567100
662,611900,20567097
663,288000,20567096
664,355000,20567095
665,107500,20567093
666,140000,20567092
667,300000,20442804
668,329719,19989477
669,220000,19962650
670,350000,19962649
671,374619,19962648
672,185950,19962647
673,350000,19962646
674,19000,19962645
675,232000,19962644
676,753000,36087276
677,393000,19962643
678,640000,19962642
679,300280,19495463
680,552000,19466328
681,320000,19295184
682,405000,19295183
683,375000,19295182
684,110600,19295181
685,66900,19295180
686,500000,19295179
687,169900,19110614
688,319570,18990697
689,315000,18990695
690,700000,18871995
691,605500,18871994
692,625000,18871993
693,75000,18871992
694,255000,18871991
695,630000,18871988
696,450000,18871987
697,28000,18871986
698,315600,18846643
699,520000,18787522
700,625000,18787521
701,534000,18787520
702,220000,18787518
703,581000,36089487
704,285000,18787517
705,279000,18787516
706,705000,18787515
707,698000,18787514
708,289900,18787513
709,425000,18646913
710,612500,18385786
711,297191,17922718
712,1025000,17815959
713,510000,36090223
714,705000,36090227
715,360000,36090316
716,289900,36090319
717,24000,17815958
718,93000,17815957
719,660000,17815956
720,289900,17815955
721,255000,36091291
722,507000,17815953
723,325000,15718499
724,390000,15477511
725,345000,15140563
726,130000,15140508
727,510000,15090355
728,417000,15004594
729,303000,14709906
730,749900,14619905
731,530000,14548253
732,250000,14522868
733,274944,41551561
734,412400,14315906
735,365000,14270718
736,267000,14264819
737,282900,41589835
738,36500,14230862
739,185000,41644732
740,600000,14072336
741,500000,13839607
742,618500,13576185
743,214999,13497500
744,480000,13331762
745,430000,13283256
746,494000,13224941
747,734000,13213359
748,689000,13181015
749,840000,13149741
750,276000,41829357
751,167500,41833970
752,1000000,12908503
753,368500,41837249
754,535000,41837306
755,569000,12873900
756,430000,12216095
757,400000,11994743
758,639000,11117387
759,383125,11010740
760,1149000,10492756
761,445000,10391656
762,510000,10187012
763,260000,9809001
764,384000,9706329
765,345000,9698561
766,621455,9520922
767,84750,41866270
768,420000,9321631
769,465000,9267666
770,515000,9005319
771,640000,8866873
772,195000,8739548
773,461558,41883977
774,120000,41883996
775,97000,8644987
776,472000,8640232
777,468000,8616114
778,950000,8089235
779,1775000,8010563
780,234500,41897469
781,1150000,7859317
782,346000,7664708
783,300000,7664707
784,333870,7514857
785,259000,7393526
786,279000,41911408
787,455000,7380030
788,530000,5226457
789,527000,41922496
790,700000,4992034
791,699900,4992033
792,980000,4992023
793,275000,41933137
794,1450000,41940755
795,340000,4992022
796,258000,4992020
797,550000,4992019
798,253000,4957061
799,230000,4957057
800,435000,4847549
801,245000,4817318
802,565000,4817311
803,550000,4817310
804,280000,4817309
805,345100,4793527
806,289900,4720513
807,549950,4720512
808,270000,4720511
809,739000,4720510
810,275280,4720509
811,725000,4720508
812,725000,4720507
813,520000,4041145
814,528900,4041144
815,370000,4016464
816,265000,4016462
817,600000,3482034
818,247500,3300386
819,970000,15288246
820,676000,23145516
821,379500,23145541
822,133000,23145543
823,232000,23145544
824,685000,30493217
825,237500,30525369
826,1820000,30573738
827,725000,40290397
828,715000,40290683
829,595000,40344541
830,270000,40354327
831,235000,40381961
832,649000,40385449
833,690000,40399486
834,1499000,40408894
835,1125000,40476815
836,971000,43772907
837,3000000,43841307
838,342000,43887550
839,1250000,43933958
840,1055000,43970380
841,562000,43975506
842,868000,44036738
843,1850000,44073609
844,899000,44075426
845,449000,45946051
846,765000,46029311
847,765000,48977277
848,800000,49029619
849,689000,51763004
850,480000,51783009
851,1000000,51783115
852,400000,51811431
853,1825000,51889657
854,345000,51907005
855,377500,51933599
856,625500,51983188
857,1050000,51983639
858,1005000,52028492
859,380000,52035649
860,160000,52037914
861,372000,52066335
862,526000,52133549
863,540000,52147879
864,400000,140279228
865,468750,140299784
866,130000,140299785
867,1350000,140299786
868,825000,141955593
869,687000,141955594
870,715000,141955595
871,250000,141955596
872,95000,142723597
873,440000,142827144
874,270000,143818625
875,390000,146247072
876,330000,149116616
877,700000,149116617
878,261500,149116623
879,730000,151382795
880,800000,152359510
881,630000,153141544
882,600000,153360633
883,575000,153614475
884,650000,157518986
885,370000,157519045
886,400000,157519047
887,380000,157519049
888,2100000,157519051
889,15000,157519053
890,187000,157519054
891,37500,157519058
892,1160000,157519060
893,231500,157519061
894,875000,157519062
895,2315000,157519041
896,2315000,157519039
897,650000,157519038
898,211250,157519037
899,125000,157519035
900,1300000,157519034
901,175000,157519033
902,760000,157519032
903,1700000,157519098
904,281000,157519099
905,12500,157519100
906,975000,157519101
907,240000,157519108
908,288000,157519109
909,515000,157519114
910,625000,157519115
911,469000,157519116
912,739500,157519121
913,192500,157519123
914,285000,157519126
915,550000,157519128
916,650000,157519030
917,855000,157519029
918,1750000,157519011
919,830000,157519010
920,1230000,157519007
921,285000,157519006
922,225000,157519005
923,885000,157519004
924,385000,157519003
925,195000,157519000
926,250000,157518998
927,420000,157518996
928,760000,157518995
929,346000,157518993
930,820000,157518992
931,155294,157518984
932,165000,157518983
933,521000,157518979
934,827000,157518978
935,227000,157518968
936,785000,157518967
937,805000,157518964
938,380000,157518963
939,135000,157518962
940,1115000,157518961
941,325000,157518960
942,35000,157518958
943,307000,157518957
944,345000,157518956
945,345000,157518955
946,805000,157518949
947,170000,157518946
948,300000,156946170
949,865000,156946169
950,1135000,156704355
951,590000,156704354
952,860000,156704349
953,95000,156704348
954,165000,156704345
955,675000,156704342
956,965000,156704340
957,660000,156704339
958,280000,156704334
959,260000,156704329
960,12000,156704326
961,535000,156704325
962,750000,156704321
963,2000,156704318
964,160000,156704314
965,1050000,156704311
966,290000,156704309
967,1400000,156704308
968,1820000,156704307
969,675000,156704306
970,260000,156704300
971,190000,156704298
972,185000,156704297
973,575000,156704291
974,300000,156704290
975,255000,156704288
976,805000,156704287
977,250000,156704281
978,270000,156704280
979,54000,156704278
980,525000,156704274
981,1250000,156704273
982,184000,156704272
983,257000,156704271
984,235000,156704270
985,300000,156704266
986,329000,156704263
987,100000,156704262
988,7500,156704258
989,225000,156704253
990,180000,156704252
991,865000,156704250
992,535000,156704249
993,1152000,156704248
994,1200000,156704246
995,702000,156704245
996,230000,156704244
997,170000,156704243
998,977000,156704242
999,772500,156704240
1000,1027000,156704239
1001,1155000,156704238
1002,161000,156704237
1003,1100100,156704233
1004,710000,156704232
1005,285500,156704231
1006,868000,156704230
1007,520000,156704229
1008,307000,156704226
1009,312500,156704225
1010,935000,156704222
1011,815000,156704217
1012,390000,156704215
1013,270000,156704211
1014,260000,156704210
1015,216000,156704209
1016,121000,156704207
1017,274500,156704206
1018,425000,156704205
1019,825000,156704204
1020,100500,155942137
1021,475000,155689443
1022,550000,152819173
1023,400000,152325865
1024,1350000,150693365
1025,187500,148092864
1026,589000,146629985
1027,110000,146629982
1028,177000,146428643
1029,560000,145523125
1030,388000,145447654
1031,700000,144157080
1032,875000,144157079
1033,875000,144157078
1034,900000,144157077
1035,845000,143611532
1036,630000,143611531
1037,442500,141223836
1038,367500,54592594
1039,90000,52960667
1040,350000,52134155
1041,500000,51960837
1042,706000,51939688
1043,382845,51916129
1044,460000,51916093
1045,370000,51840077
1046,256000,51830098
1047,1040000,51830039
1048,360000,49098192
1049,243419,48981076
1050,460000,48890729
1051,819000,46059109
1052,440000,46038912
1053,1350000,46023186
1054,349000,46003951
1055,425091,45942629
1056,640000,45919735
1057,430000,45863703
1058,610000,45856337
1059,825000,45789890
1060,510000,43881300
1061,1403000,43832271
1062,1050000,30509986
1063,500000,30405155
1064,289000,29835686
1065,632000,29561983
1066,846000,27914656
1067,575000,27914655
1068,1141000,27914654
1069,1399000,27914653
1070,120000,27546660
1071,590000,27223559
1072,550000,24325656
1073,530000,24325639
1074,680000,23097101
1075,375000,20317941
1076,602000,20317940
1077,1220000,20317938
1078,775000,20317937
1079,510000,18178715
1080,670759,18178713
1081,165000,18178711
1082,320000,18178710
1083,97000,16951100
1084,1300000,16951099
1085,660000,16951095
1086,1400000,16951094
1087,615000,15532863
1088,615000,15470021
1089,616000,15470020
1090,700000,15470019
1091,785000,13298379
1092,1100000,13298378
1093,1070000,13298377
1094,1147000,13298376
1095,695000,13298375
1096,1680000,13298374
1097,1350000,13298372
1098,975000,13298371
1099,625000,3269220
1100,307000,3269219
1101,1260000,3269218
1102,206250,3269216
1103,545000,3269212
1104,810000,3269211
1105,752000,3269210
1106,674500,3269209
1107,1700000,3269208
1108,742000,3269207
1109,575000,3269206
1110,1450000,3269205
1111,525000,3269204
1112,705000,3269200
1113,625000,3269199
1114,1075000,3269198
1115,69000,199414
1116,54388,202101
1117,165000,216335
1118,78000,227674
1119,40000,352471
1120,66215,508717
1121,130000,689019
1122,35000,716729
1123,58232,930116
1124,177000,930120
1125,126000,4295550
1126,78000,4311910
1127,85000,4311911
1128,43785,4311912
1129,10500,4311914
1130,79000,4311915
1131,16000,4311918
1132,104000,5099971
1133,70000,7803904
1134,190151,7813998
1135,150000,7923332
1136,185000,7987239
1137,115500,8729183
1138,225000,9586241
1139,109000,9717150
1140,101000,10270968
1141,52000,10524126
1142,58500,10795878
1143,317000,11155352
1144,210000,11212239
1145,143000,11290060
1146,85000,12274992
1147,89500,12673462
1148,166000,12769992
1149,262500,12924107
1150,48000,12964986
1151,356000,12964989
1152,85500,13560242
1153,155000,14744830
1154,256000,14868388
1155,95500,14972068
1156,29500,14972101
1157,145500,15152793
1158,235000,15315263
1159,71000,15477572
1160,25000,15643635
1161,332000,16133455
1162,70000,16565962
1163,20000,16565966
1164,219000,16565967
1165,474000,17921790
1166,10500,17935977
1167,8500,17955493
1168,20500,17955494
1169,93000,17955496
1170,177000,17955497
1171,368000,17955500
1172,300000,17955501
1173,100000,18063255
1174,185000,18145967
1175,60000,19298488
1176,60000,19298489
1177,72000,19298491
1178,17000,19298492
1179,117000,19484237
1180,214000,22789045
1181,747500,23295142
1182,61000,24649349
1183,129000,26906521
1184,22500,26906522
1185,60000,26906525
1186,297000,27131371
1187,122500,27131372
1188,276000,27131374
1189,143000,27131375
1190,170000,27131376
1191,112000,27131377
1192,64604,27131450
1193,61000,27131451
1194,110000,27131452
1195,596500,27131453
1196,340000,27131454
1197,307000,27131455
1198,135000,27131456
1199,89000,27131457
1200,705000,27131458
1201,297000,27131459
1202,147500,27132081
1203,490000,27132082
1204,379000,27132083
1205,680000,27132084
1206,150000,27132085
1207,130000,27132086
1208,570000,27132088
1209,471500,27132089
1210,158000,28426355
1211,172500,28426361
1212,450000,28426362
1213,206000,28426363
1214,200000,29081036
1215,48000,29372785
1216,248000,29656689
1217,136500,29852168
1218,195000,29991051
1219,80000,30046125
1220,140000,31259201
1221,380000,31290376
1222,100000,31325851
1223,95000,31376649
1224,46500,31404054
1225,160000,31406193
1226,35000,31414577
1227,460000,31442497
1228,259000,31445330
1229,249000,31486884
1230,88000,31490262
1231,290000,31529396
1232,215000,31540414
1233,92000,31566887
1234,148000,31571507
1235,50000,31572933
1236,255000,31692392
1237,65000,31703880
1238,50000,31714693
1239,198000,31718918
1240,350000,31730125
1241,52000,31754847
1242,163500,31813441
1243,202000,32015364
1244,147000,32037988
1245,62000,32045642
1246,219000,32047010
1247,810000,32157979
1248,106000,32207584
1249,128390,32208502
1250,110000,32229343
1251,134000,32260462
1252,245000,32293509
1253,274000,32310606
1254,95000,32345528
1255,195000,32392603
1256,45000,32401733
1257,44000,32419997
1258,27500,32516582
1259,485000,32552866
1260,376500,32566090
1261,250500,32567210
1262,135000,32572384
1263,27500,32573229
1264,85500,32599816
1265,265000,32613647
1266,165000,32622914
1267,265000,32629648
1268,283000,32637946
1269,77000,32644898
1270,153000,38347208
1271,71500,38375792
1272,34000,38418873
1273,12241,38455320
1274,131000,38456174
1275,38500,38467912
1276,125000,38515224
1277,145000,38548622
1278,187500,38554224
1279,55000,38561617
1280,1134000,38561698
1281,134500,38569383
1282,97000,38588567
1283,207500,38587881
1284,12500,38583276
1285,132000,38582639
1286,395000,38569571
1287,25000,38630316
1288,194000,38568358
1289,67000,38631389
1290,136000,38565357
1291,120000,38565135
1292,165000,38642971
1293,70000,38643593
1294,56000,38643756
1295,27500,38563239
1296,75000,38562589
1297,189000,38553933
1298,325000,38553678
1299,45000,38648997
1300,176000,38547995
1301,75000,38485514
1302,395000,38364657
1303,99000,38339118
1304,386500,34385163
1305,160000,32621244
1306,124000,38666016
1307,110000,32604637
1308,121218,32565077
1309,250000,32564243
1310,250000,32550062
1311,239500,38674217
1312,73000,32544823
1313,3500,32535129
1314,300000,38682697
1315,106000,32529659
1316,170000,32492473
1317,14000,32466853
1318,320000,32443616
1319,33500,38690205
1320,95000,38690408
1321,253000,38693853
1322,49000,32431828
1323,25000,32428770
1324,217000,32420731
1325,95000,32395113
1326,150500,32385454
1327,142500,32380446
1328,14500,38704295
1329,110000,32377451
1330,700000,32360138
1331,95500,32325172
1332,199000,32317544
1333,339000,32314023
1334,225000,32171259
1335,485000,32135009
1336,15000,31957306
1337,78000,31815756
1338,250000,31748697
1339,135000,38722313
1340,377000,31728895
1341,255000,31697699
1342,230000,31686684
1343,105000,31669315
1344,230000,31653168
1345,189000,31490581
1346,475000,31489761
1347,66000,31444427
1348,281000,31433376
1349,159000,38751397
1350,170000,38751963
1351,109500,38756205
1352,92500,31362481
1353,120000,38757534
1354,177865,31273680
1355,74000,42225357
1356,37000,42234473
1357,75000,31266005
1358,49500,31252671
1359,89000,30048209
1360,56000,42283883
1361,80000,42293197
1362,32000,30017665
1363,195000,42304019
1364,124000,29886109
1365,255000,29832132
1366,5000,42309014
1367,338000,42319054
1368,210000,29765814
1369,532000,29126363
1370,377000,28426646
1371,350000,28426645
1372,413100,28426644
1373,420000,28426643
1374,30000,42414653
1375,315000,28426544
1376,135000,28426490
1377,390000,28426489
1378,10000,28426469
1379,59900,42444402
1380,249000,28426457
1381,140500,42456896
1382,181500,42457177
1383,227500,42459325
1384,193500,28426455
1385,175000,28426449
1386,148000,28426436
1387,400000,28426431
1388,220000,28426399
1389,175000,42509731
1390,215000,42577876
1391,210000,28426388
1392,187000,28426387
1393,255000,28426353
1394,325000,28426337
1395,160000,28426332
1396,185500,28426301
1397,399000,28426297
1398,132500,48176117
1399,340000,28426296
1400,136000,28426275
1401,205000,28420685
1402,76000,28420654
1403,425000,28420636
1404,63000,28420597
1405,285000,53068251
1406,94000,28420590
1407,165000,28420585
1408,40000,53293809
1409,192000,28420584
1410,50000,28420579
1411,190500,28420566
1412,227000,28420565
1413,40000,28420554
1414,59000,28420553
1415,148000,28420551
1416,130000,28420550
1417,128000,28420549
1418,153000,28420546
1419,280000,28420545
1420,48000,28420542
1421,60000,28420461
1422,345000,28242304
1423,199000,27349121
1424,28000,27349120
1425,135000,27349119
1426,200000,27349118
1427,65000,27349115
1428,40000,27131895
1429,105000,27131894
1430,85000,140387014
1431,67000,27131893
1432,115000,140651781
1433,122000,27131892
1434,547500,140656407
1435,65000,27131598
1436,142000,27131597
1437,20000,27131596
1438,110000,27131594
1439,110000,27131592
1440,68000,27117523
1441,99500,27117504
1442,430000,26956950
1443,125000,25724098
1444,180000,25104052
1445,900000,142319308
1446,178000,142319309
1447,131500,142826590
1448,115000,142827881
1449,180000,142842819
1450,255000,142899114
1451,188500,142942724
1452,57000,143026098
1453,52920,24132272
1454,332500,143269878
1455,296000,143438056
1456,114500,143444003
1457,335000,143657551
1458,41000,143917927
1459,118000,23553373
1460,60000,22796308
1461,90100,22796302
1462,170000,22796293
1463,15000,22787542
1464,66000,21306790
1465,53000,20758031
1466,165000,19483443
1467,32000,144657531
1468,357500,145034778
1469,790000,145054696
1470,215500,145062499
1471,180000,19314926
1472,173000,19314919
1473,48317,19314915
1474,313000,18729044
1475,80000,18729042
1476,235500,146640117
1477,183500,147823935
1478,16000,18729038
1479,275000,18729037
1480,60000,18729036
1481,950000,148411214
1482,173000,18729035
1483,90000,18327538
1484,78500,18158686
1485,161000,18158684
1486,150000,18158681
1487,89000,18158680
1488,89000,18158679
1489,35000,18158678
1490,345000,18158484
1491,285000,18158482
1492,20000,18158479
1493,290000,10136626
1494,520000,10136632
1495,250000,24703849
1496,162000,24703851
1497,34950,28914166
1498,52000,28914128
1499,45000,28918869
1500,249900,28918959
1501,500000,117282
1502,207000,136704
1503,160000,139452
1504,392000,142406
1505,105000,246244
1506,370000,246246
1507,820000,270202
1508,483000,271953
1509,560500,317692
1510,643000,329926
1511,425000,363999
1512,210000,367454
1513,550000,401961
1514,465000,435630
1515,450000,435633
1516,489000,435641
1517,350000,744178
1518,124500,744179
1519,745000,771138
1520,793000,771145
1521,638000,1200289
1522,305000,1200290
1523,455000,1270928
1524,720000,1270929
1525,428000,1270930
1526,350500,1270931
1527,620000,1270932
1528,625000,1270933
1529,340500,1270934
1530,368000,1270935
1531,238000,1270936
1532,244000,1270937
1533,250000,1270938
1534,407000,1270939
1535,450000,1270940
1536,157500,1270941
1537,102500,1270942
1538,625000,1347022
1539,508000,1347023
1540,258500,1347024
1541,390000,1347025
1542,330000,1347026
1543,600000,1347027
1544,455000,1347028
1545,534000,1347029
1546,574000,1347030
1547,246363,1347031
1548,915000,1347032
1549,427000,1347033
1550,220000,1347034
1551,562000,1347035
1552,439000,1347036
1553,1210000,1347037
1554,245000,1683853
1555,465000,1683854
1556,645000,1683855
1557,270000,1683856
1558,332500,1683858
1559,725000,1683859
1560,698000,1683860
1561,303000,1683861
1562,270000,1683862
1563,250000,1683864
1564,470000,1683865
1565,305000,1683866
1566,685000,1683867
1567,630000,1683868
1568,330000,2696442
1569,150000,2696443
1570,320000,2696444
1571,945000,2696445
1572,298000,2696446
1573,350000,2696447
1574,397500,2696448
1575,580000,2696449
1576,485000,3037688
1577,757500,3037693
1578,451000,3037696
1579,512000,3042135
1580,360000,3042136
1581,555000,3042137
1582,353000,3042143
1583,430000,3042144
1584,838000,3115249
1585,535000,3115250
1586,530000,3115251
1587,700000,3115252
1588,842000,3115253
1589,821000,3115254
1590,274000,3115255
1591,431000,3169449
1592,320000,3169450
1593,420000,3169451
1594,718000,3169452
1595,340000,3169453
1596,299500,3169454
1597,325000,3192756
1598,330000,3192757
1599,613000,3192758
1600,598000,3192759
1601,400000,3192760
1602,590000,3192761
1603,415000,3230420
1604,530000,3230421
1605,800000,3230422
1606,650000,3273766
1607,672500,3273770
1608,435000,3273775
1609,330000,3387982
1610,290000,4114314
1611,850000,4114316
1612,355000,4114317
1613,360000,4114318
1614,190000,4114322
1615,395000,4114323
1616,210000,4114324
1617,560000,4114325
1618,425000,4114326
1619,790000,4152006
1620,800000,4152007
1621,1340000,4152008
1622,555000,4152009
1623,225000,4152010
1624,1020000,4152011
1625,1825000,4152012
1626,230000,4152013
1627,740000,4257012
1628,490000,4257013
1629,281000,4257014
1630,225000,4257015
1631,470000,4257017
1632,230000,4257019
1633,400000,4257020
1634,1040000,4257021
1635,189000,4257022
1636,180000,4257047
1637,210000,4257048
1638,350000,4257049
1639,200000,4257050
1640,200000,4257052
1641,325000,4257053
1642,157500,4257054
1643,298000,4257055
1644,140000,4257056
1645,216000,4257057
1646,387000,4257058
1647,201000,4257059
1648,220000,4257060
1649,352000,4257061
1650,93750,4257062
1651,570000,4176121
1652,273500,4257066
1653,692000,4257067
1654,572000,4257068
1655,85000,4257069
1656,360000,4257070
1657,170000,4257071
1658,312000,4073887
1659,670000,4073886
1660,1075000,4073885
1661,660000,4073884
1662,240000,4073882
1663,386000,4073881
1664,531000,4073880
1665,550000,4073879
1666,600000,4073877
1667,400000,4073876
1668,680000,4073875
1669,660000,4073874
1670,425000,4073873
1671,469000,4073872
1672,750000,4073871
1673,465000,4073870
1674,423000,4073869
1675,202000,4067818
1676,415000,4067817
1677,50500,4067816
1678,390000,4067815
1679,410000,4067814
1680,815000,4067776
1681,160000,4067775
1682,180000,4067774
1683,514000,4067773
1684,290000,4067772
1685,800000,4067771
1686,340000,4067769
1687,248000,4067768
1688,540000,4067767
1689,540000,4067766
1690,475000,4067753
1691,292500,4067752
1692,250000,4067750
1693,250000,4067749
1694,850000,4067748
1695,430000,4067747
1696,860000,4067746
1697,460000,4067744
1698,538000,4014998
1699,226000,3942400
1700,1050000,3942399
1701,965000,3942398
1702,1125000,3942397
1703,455000,4511977
1704,719500,4511978
1705,475000,4511979
1706,490000,4511980
1707,1450000,4511981
1708,500000,4511982
1709,525000,4511983
1710,495000,4511984
1711,178000,4511985
1712,695000,4511986
1713,924500,4511987
1714,745000,3942394
1715,385500,3808718
1716,233000,3808717
1717,250000,3808716
1718,160000,3808715
1719,450000,3808714
1720,173000,3808713
1721,915000,3808712
1722,445000,3808711
1723,599000,3808710
1724,350000,3808709
1725,340000,3808708
1726,375000,3808707
1727,212000,3651845
1728,600000,3651843
1729,460000,3651841
1730,469000,4574229
1731,940000,4574231
1732,390000,4574232
1733,336000,3651839
1734,650000,3651838
1735,451000,3651837
1736,410000,3651836
1737,460000,3651835
1738,13000,4718460
1739,680000,4718461
1740,460000,3651833
1741,525000,3651832
1742,665500,3651831
1743,531000,3651830
1744,245000,4737201
1745,755000,4737202
1746,165000,4737203
1747,450000,4737233
1748,745000,4737236
1749,540000,4737260
1750,700000,4737261
1751,360000,4737262
1752,646000,4737263
1753,680000,4737265
1754,390000,4737266
1755,212000,4766461
1756,500000,4766466
1757,768000,4766476
1758,355000,4779494
1759,831000,4779496
1760,438000,4779497
1761,173000,4779498
1762,447000,4779500
1763,640000,4779501
1764,450000,4779502
1765,625000,4779555
1766,510000,4779556
1767,1200000,3651829
1768,635000,3645303
1769,340000,3555427
1770,179000,3555426
1771,530000,3555425
1772,690000,3555423
1773,355000,3555421
1774,210000,3555420
1775,315000,3555418
1776,370000,3555417
1777,410000,3555415
1778,849000,3555414
1779,347500,3555413
1780,172000,3314222
1781,1000000,4874514
1782,376000,3314221
1783,700000,3314220
1784,190000,3314219
1785,875000,3314218
1786,157000,4971987
1787,301000,4971988
1788,290000,4971989
1789,625000,4971991
1790,350000,4971992
1791,180000,4971993
1792,495000,4971994
1793,169000,4971995
1794,675000,3314216
1795,650000,3314215
1796,327000,3314213
1797,330000,3250525
1798,440000,3250524
1799,325000,3250523
1800,820000,3250522
1801,200000,3250521
1802,198000,3250520
1803,520000,3250519
1804,260000,3250518
1805,164000,5016514
1806,380000,3250517
1807,352000,3250516
1808,570000,3250515
1809,1525000,5092918
1810,780000,5092919
1811,475000,3250514
1812,549000,3250513
1813,540000,3250512
1814,502000,3250511
1815,545000,3243827
1816,778000,3243825
1817,520000,3243824
1818,485000,3243823
1819,480000,3243822
1820,574000,3243821
1821,425000,5134593
1822,495000,5134594
1823,542500,5134595
1824,453000,5134596
1825,250000,5134597
1826,310000,5134598
1827,347000,5134599
1828,367500,5229566
1829,590000,3243820
1830,710000,3243819
1831,388000,5281929
1832,790000,5281930
1833,357000,5281931
1834,595000,5281932
1835,450000,5281933
1836,350000,5281934
1837,430000,5281935
1838,850000,5281936
1839,630000,3243817
1840,493000,3243816
1841,623000,3243815
1842,1575000,3243814
1843,995500,3243813
1844,705000,3243812
1845,610000,3243811
1846,450000,3243810
1847,719500,3243809
1848,380000,5320170
1849,700000,5320171
1850,365000,5320172
1851,350000,5320173
1852,380000,5320174
1853,1230000,5320175
1854,601000,5320176
1855,287000,5320177
1856,300000,5320178
1857,465000,5320262
1858,395000,5320263
1859,640000,3243808
1860,509000,3243807
1861,520000,5320330
1862,475500,7000192
1863,708000,7000193
1864,275000,3243773
1865,450000,3243771
1866,808000,3243768
1867,500000,3237037
1868,1650000,3230419
1869,560000,3230418
1870,765000,3230417
1871,628000,3230416
1872,407000,3230414
1873,445000,3230413
1874,20000,3230412
1875,520000,3230411
1876,345000,3230410
1877,425000,3230409
1878,862000,3216638
1879,350000,3216637
1880,375000,3216636
1881,770000,3216635
1882,42000,3216634
1883,325000,3216618
1884,2540000,7165545
1885,1210000,7165546
1886,250000,3216617
1887,475000,7181320
1888,454000,3192673
1889,713500,3192672
1890,610000,7200840
1891,775000,7200841
1892,1400000,7200842
1893,855000,7200843
1894,500000,7200856
1895,785000,7209545
1896,510000,3192671
1897,456000,3192670
1898,500000,3192669
1899,168000,3192668
1900,730000,7298404
1901,1150000,7298409
1902,445000,3192667
1903,440000,3192666
1904,600000,3192665
1905,600000,3192664
1906,435000,3192663
1907,810000,3192662
1908,515000,3042133
1909,1015000,3042132
1910,384500,3042131
1911,545000,3042130
1912,360000,3042129
1913,720000,3042128
1914,406000,7371008
1915,381000,7378248
1916,690000,7378249
1917,775000,7378250
1918,615000,7378251
1919,473000,7378252
1920,660000,7378253
1921,355000,7378254
1922,921000,7503460
1923,438000,7506550
1924,430000,7506551
1925,405000,7506552
1926,670000,7506553
1927,40000,3042127
1928,400000,7543561
1929,980000,3042126
1930,615000,3042125
1931,520000,3042124
1932,575000,3042122
1933,300000,3042121
1934,472000,3042120
1935,600000,7622719
1936,505000,7637487
1937,560000,3042119
1938,270000,3042118
1939,300000,3042117
1940,360000,3042116
1941,500000,3042115
1942,355000,3042114
1943,550000,2780242
1944,321000,2780238
1945,985500,2776137
1946,550000,2776136
1947,540000,2776135
1948,207000,7747944
1949,630000,7747945
1950,500000,7747946
1951,340500,7747948
1952,385000,7747949
1953,285000,7747950
1954,1065000,7747952
1955,340000,7749848
1956,180000,8280790
1957,646000,2776134
1958,660000,2776133
1959,440000,2776132
1960,635000,2776131
1961,565000,2776130
1962,430000,2776129
1963,651000,2776128
1964,470000,2776127
1965,667500,2776126
1966,716000,2776125
1967,540000,2696488
1968,650000,2696487
1969,7500,270405
1970,159900,5310111
1971,212526,7643908
1972,359900,7902978
1973,214900,7992027
1974,385000,8011092
1975,390000,8057127
1976,185000,8057638
1977,327500,8485162
1978,325000,8485163
1979,464000,8485165
1980,213000,8485166
1981,315000,8485167
1982,160000,8485168
1983,232000,8485169
1984,170500,8485170
1985,191000,8485172
1986,128000,8485173
1987,305000,8485174
1988,285000,8485175
1989,260000,8615469
1990,185000,8615738
1991,118900,8647980
1992,1087500,8910049
1993,380000,9265278
1994,243000,9575731
1995,199900,9625924
1996,272000,9753683
1997,305000,10167948
1998,295000,10185308
1999,232000,10205806
2000,95000,10308546
2001,4650,10585616
2002,320000,10763097
2003,167000,10884004
2004,145000,11041061
2005,215000,11041607
2006,234000,11175402
2007,267000,11358531
2008,255000,11900876
2009,270000,12670423
2010,250000,12672172
2011,195000,13140363
2012,102399,13140368
2013,263000,13765039
2014,265000,14205104
2015,225000,14206120
2016,190000,14242701
2017,170000,14418402
2018,186000,14699699
2019,180000,14889212
2020,160000,14889374
2021,174000,14892140
2022,312000,15043523
2023,240000,15088508
2024,350000,15536491
2025,290000,15536689
2026,190950,15812864
2027,305000,15960953
2028,79900,16050597
2029,145000,16063352
2030,204000,16128355
2031,175000,16688778
2032,40001,16688781
2033,235000,17067697
2034,209000,18305425
2035,167887,19352441
2036,189000,19359070
2037,91000,20909923
2038,310000,21899755
2039,217000,21899756
2040,240000,21899760
2041,164900,21899761
2042,144900,21899762
2043,260000,21899763
2044,173500,21899765
2045,173000,22231007
2046,170000,22718375
2047,162000,22788445
2048,169900,23426423
2049,259700,23685055
2050,276000,23685059
2051,120000,23810293
2052,85000,23810296
2053,220000,23810299
2054,285000,23810300
2055,209000,23810301
2056,49900,23810304
2057,321000,23810306
2058,175000,24292647
2059,407286,24417302
2060,273012,23974983
2061,295390,23974982
2062,262298,23974980
2063,61500,23974979
2064,269645,23974978
2065,243596,23974977
2066,280615,23974976
2067,171080,23927946
2068,1866,23815325
2069,80850,23815323
2070,255000,23815321
2071,35000,23813938
2072,372000,23813933
2073,260000,23813420
2074,304600,23810911
2075,27500,23810907
2076,295000,26145431
2077,230000,26145432
2078,229900,26145438
2079,235000,26454055
2080,97000,23810906
2081,166900,23810902
2082,138500,23764404
2083,295000,26735123
2084,189900,26735126
2085,183000,27562898
2086,175000,27563242
2087,260990,27564478
2088,265000,27565036
2089,125000,23764393
2090,370000,27572272
2091,184000,23764324
2092,340000,27575219
2093,240000,23061327
2094,255000,23061324
2095,274000,27587305
2096,391370,27587329
2097,189900,23061323
2098,350000,23061322
2099,16100,23061321
2100,168000,22977139
2101,2053,22754440
2102,217500,27599579
2103,240000,22754439
2104,110000,22754437
2105,180000,27605329
2106,216200,27608229
2107,259000,27608784
2108,163000,22754433
2109,160000,29981212
2110,251000,22723262
2111,180000,30042758
2112,36833,30596055
2113,55000,30596061
2114,1440000,22155328
2115,268000,30682658
2116,228500,30682708
2117,315000,30719212
2118,262000,30719336
2119,176900,21171152
2120,20000,30721403
2121,3915,30726662
2122,239900,30727237
2123,185000,30733732
2124,182500,21171115
2125,330000,30749921
2126,245000,21127389
2127,300000,30761439
2128,8002,30767774
2129,167000,20366320
2130,252500,20366318
2131,313400,20366317
2132,335000,30804092
2133,330000,20366316
2134,210000,20366315
2135,350000,30836793
2136,235000,20366314
2137,163000,19482997
2138,153000,19182806
2139,3435,30871507
2140,1866,18927635
2141,110000,30879045
2142,39000,18927632
2143,189000,18927631
2144,690000,30910286
2145,14000,18927629
2146,157500,30918964
2147,268000,30922895
2148,597000,30923675
2149,202000,30924843
2150,412883,30927615
2151,110000,30944489
2152,37501,30946702
2153,175000,30955544
2154,220000,30958711
2155,155724,18927576
2156,2775,30964008
2157,138000,18927575
2158,257000,18927570
2159,192000,34858246
2160,60400,34858258
2161,225000,18927560
2162,338000,34898336
2163,131000,18927559
2164,1300000,18927558
2165,205000,18927557
2166,294900,18927556
2167,185000,18849615
2168,85000,18849607
2169,115000,18849606
2170,200000,39614927
2171,160000,18849605
2172,179000,17387111
2173,136000,17271984
2174,152000,17249811
2175,195000,17039728
2176,133000,16891132
2177,224000,16891128
2178,335000,16891127
2179,250000,39645860
2180,182000,16891122
2181,159000,16891121
2182,162000,16891118
2183,168750,16891114
2184,179900,16891113
2185,178000,16891111
2186,160000,16891110
2187,210000,16891109
2188,195000,16891108
2189,180000,16891107
2190,91300,39670464
2191,179900,16891106
2192,149900,39671168
2193,225000,16891102
2194,222900,16890946
2195,226000,16890945
2196,255000,16890944
2197,1870000,16890943
2198,239900,16890942
2199,249000,16890941
2200,1870000,16890940
2201,220000,16890939
2202,310000,39692847
2203,152000,39693523
2204,285000,16890937
2205,222500,16890936
2206,399900,16890935
2207,150000,39695402
2208,199057,16890934
2209,175000,16825790
2210,170754,39701023
2211,320000,39701041
2212,138500,16823896
2213,139000,16823895
2214,130000,16823890
2215,204900,16823889
2216,236000,39712949
2217,270000,16823888
2218,169950,16688759
2219,299900,16688756
2220,258000,16634748
2221,270000,16193938
2222,215000,16124741
2223,240000,16124699
2224,269000,16124697
2225,367500,39730124
2226,214000,16124696
2227,283000,39732404
2228,340000,16124695
2229,227000,39734984
2230,122460,16124694
2231,399000,39736812
2232,323640,39738070
2233,325000,16118368
2234,290000,39742740
2235,177500,39743435
2236,145000,16071518
2237,199000,16010362
2238,230000,15717800
2239,269000,15714330
2240,141995,39754845
2241,163000,15637054
2242,210000,15636962
2243,205900,15599679
2244,321500,15599678
2245,194500,15599676
2246,214900,15599675
2247,225000,15594853
2248,400000,15430458
2249,260000,15412520
2250,350000,15318792
2251,275000,15169523
2252,198800,15087204
2253,322000,14559916
2254,351000,14559795
2255,385000,14487344
2256,340000,14337383
2257,212000,14130745
2258,172500,39774405
2259,176900,39774420
2260,270000,39777838
2261,175000,39778503
2262,200000,13574507
2263,285900,39780826
2264,174000,13500453
2265,190000,39783512
2266,314000,13286510
2267,285000,13150298
2268,155500,13150290
2269,51900,13150281
2270,155000,13150266
2271,320000,39798870
2272,125000,13150255
2273,250000,39801392
2274,176000,39806319
2275,232500,39811258
2276,220000,13150245
2277,254500,13100070
2278,171000,39815068
2279,159900,12986373
2280,399900,12858818
2281,3748,12199306
2282,300100,11956379
2283,181000,39821638
2284,35000,11898317
2285,58500,39826211
2286,286000,11203374
2287,272000,39830725
2288,175000,10879517
2289,358000,10701304
2290,465000,39834786
2291,7197,10624478
2292,2977,10474691
2293,285000,10206532
2294,309000,10184437
2295,202000,9937980
2296,178000,9808733
2297,170000,39852686
2298,75000,9508015
2299,175000,39864160
2300,337144,39864426
2301,240000,39865223
2302,216000,9504718
2303,115000,9273340
2304,298000,9267406
2305,65000,9917966
2306,105000,10247341
2307,247000,10247343
2308,100000,10247345
2309,137200,10247346
2310,103100,14012678
2311,142000,15178381
2312,85000,16863703
2313,131500,16863705
2314,119900,18256176
2315,130000,18256177
2316,2693,18256178
2317,40000,18256179
2318,73000,26625207
2319,98000,31619348
2320,69900,31788959
2321,67500,32250552
2322,225000,34899209
2323,36363,38119588
2324,60000,38137642
2325,127000,38188355
2326,130000,38191394
2327,128000,38223658
2328,126000,38231175
2329,96780,38327810
2330,30100,38646699
2331,6500,38691111
2332,114100,48394456
2333,254900,52968025
2334,80000,142362311
2335,35000,141279901
2336,149900,141279900
2337,4266,141279897
2338,205000,141203557
2339,65000,140973621
2340,64900,140973620
2341,126000,140915106
2342,113500,140503738
2343,34000,140503737
2344,125000,140466145
2345,87000,140068710
2346,107000,140068708
2347,234000,140068706
2348,62500,140068705
2349,113100,146998906
2350,47000,149050435
2351,36000,149963200
2352,25000,149963202
2353,22500,149963203
2354,8200,149963204
2355,125000,52841085
2356,67080,149996303
2357,200000,150311740
2358,19000,150515077
2359,64000,52493858
2360,90400,52493855
2361,18900,52493854
2362,37102,52485105
2363,20120,151660786
2364,145000,151660841
2365,15000,48292938
2366,27001,41094225
2367,185000,41094224
2368,55000,41094222
2369,70000,38677449
2370,93100,38394818
2371,30000,38390056
2372,115000,38331440
2373,127835,38138106
2374,299900,38125818
2375,196000,34916076
2376,122000,34916072
2377,113000,32469963
2378,215000,32019639
2379,73000,31562023
2380,139900,31491732
2381,124000,29616285
2382,194000,29607699
2383,18900,27723756
2384,106000,26504249
2385,70000,26504247
2386,125600,26504246
2387,47900,26504244
2388,278000,152716787
2389,77000,186570680
2390,35000,186571707
2391,146000,186571711
2392,16000,189798002
2393,88000,190733324
2394,33100,193571433
2395,17500,202436050
2396,45000,201863802
2397,80000,200309249
2398,115500,200309242
2399,45000,200238270
2400,84000,200054451
2401,99500,198892916
2402,155000,198659758
2403,63300,198659753
2404,27000,207343442
2405,37500,197007353
2406,110000,207354821
2407,18000,207354822
2408,29892,195574880
2409,59900,195549728
2410,148000,195419698
2411,17000,194980264
2412,92000,194980253
2413,52900,193758751
2414,99500,191394951
2415,45000,191371776
2416,85000,190091354
2417,12500,188642227
2418,75000,188630269
2419,20000,188165592
2420,86500,187298965
2421,57000,186941468
2422,155000,186941413
2423,81000,186941411
2424,14000,203287794
2425,78000,295570968
2426,15060,295570894
2427,80000,295570890
2428,30000,295570886
2429,105000,295570883
2430,200000,295570846
2431,140000,295570826
2432,15000,295570824
2433,12000,295570821
2434,13500,295570818
2435,25000,295570801
2436,145000,295570799
2437,36900,295570779
2438,6500,295570764
2439,3000,295570757
2440,10000,295570738
2441,16000,295570729
2442,166000,295570606
2443,60000,295571364
2444,64166,295570593
2445,50000,295571408
2446,70000,295571411
2447,60000,295571415
2448,165000,295571421
2449,25000,295570590
2450,129000,295570530
2451,40000,295570522
2452,26000,295570519
2453,129800,295570507
2454,150000,295570457
2455,55000,295570442
2456,135000,295570441
2457,39000,295570440
2458,12900,295570428
2459,25000,295570425
2460,25000,295570419
2461,35000,295570414
2462,172000,295570405
2463,106000,295570396
2464,80000,295570391
2465,35000,295570358
2466,2000,295570950
2467,195000,295570943
2468,67000,295571155
2469,34000,295571156
2470,79000,295571161
2471,65900,295571162
2472,110000,295571163
2473,57000,295571165
2474,70000,295571169
2475,49500,295571173
2476,60000,295571177
2477,148000,295571179
2478,68500,295571188
2479,94500,89732
2480,120000,110803
2481,42500,110806
2482,235000,154260
2483,75000,260472
2484,165000,356984
2485,65000,512732
2486,209900,530624
2487,180000,535323
2488,57500,569618
2489,275000,580877
2490,193000,601922
2491,349000,603966
2492,275000,734999
2493,243000,738046
2494,149000,858878
2495,217000,858879
2496,125000,858880
2497,66500,858881
2498,82000,858882
2499,85000,858883
2500,100000,858884
2501,67000,858888
2502,98000,858890
2503,86500,858891
2504,460000,858892
2505,69000,858893
2506,174000,1229934
2507,86000,1229935
2508,37000,1229936
2509,83000,1229937
2510,129000,1229948
2511,83100,1476439
2512,102000,1476440
2513,84000,1476441
2514,125000,1476442
2515,114500,1476443
2516,102500,1476444
2517,85000,1476445
2518,121000,1476446
2519,79000,1476448
2520,46863,1476449
2521,91000,1476450
2522,92000,1476451
2523,225500,1637535
2524,287000,1637536
2525,112000,1637537
2526,263000,1637538
2527,420000,1637539
2528,315100,1637540
2529,315000,1637541
2530,187500,1637542
2531,214500,1637543
2532,342000,1637544
2533,297500,1637545
2534,345000,1637546
2535,259000,1637547
2536,190500,1637548
2537,157500,1637549
2538,228000,1637550
2539,485000,1637551
2540,196000,1637552
2541,210000,1637553
2542,20001,1771155
2543,46000,1771156
2544,74000,1771157
2545,70000,1771158
2546,40000,1771159
2547,80000,1771161
2548,54000,1771162
2549,45000,1771163
2550,65000,1771164
2551,60000,1771165
2552,66000,1771166
2553,125000,2286809
2554,72500,2286811
2555,110000,2286813
2556,90500,2286815
2557,60000,2286816
2558,85000,2286818
2559,110000,2286819
2560,120000,2286820
2561,60000,2286822
2562,113500,2286873
2563,360000,2744589
2564,395000,2744590
2565,177000,2744591
2566,194000,2744603
2567,262100,3644313
2568,220000,3644315
2569,185000,3644316
2570,127000,3644317
2571,169500,3644318
2572,160000,3644322
2573,155000,3644325
2574,36500,4390990
2575,108000,4390991
2576,30000,4390992
2577,38000,4390993
2578,420000,4390994
2579,38500,4390995
2580,170000,4390996
2581,239900,4390997
2582,24000,4390999
2583,80000,4391000
2584,63500,4391002
2585,70000,4391004
2586,43500,4391005
2587,109000,4467325
2588,40000,4565381
2589,85000,4565382
2590,73000,4864643
2591,200000,4916812
2592,103500,4966325
2593,87000,4983522
2594,124900,4983543
2595,70000,4983544
2596,120000,4983545
2597,117000,4983547
2598,123000,4983548
2599,96500,4983550
2600,135000,5015653
2601,160000,5317305
2602,90000,5327517
2603,134000,7003744
2604,185000,7003745
2605,252000,7003748
2606,154000,7003749
2607,194900,7003750
2608,182000,7003751
2609,200000,7003752
2610,182500,7180140
2611,130000,7283234
2612,75000,7358958
2613,78750,7651509
2614,290000,7834229
2615,57500,7920302
2616,335000,7927493
2617,306000,7978082
2618,302500,8149031
2619,248000,8287125
2620,47500,8336435
2621,130000,8459006
2622,84500,8511017
2623,68500,8511018
2624,82000,8511019
2625,84000,8511020
2626,270000,8576493
2627,420000,8606073
2628,1025000,8642780
2629,38500,8680842
2630,64500,8680843
2631,134000,8680844
2632,125000,8680847
2633,57540,8726993
2634,217500,8631616
2635,211500,8631615
2636,195000,8774089
2637,57000,8813009
2638,240000,8631614
2639,120000,8631613
2640,231500,8631612
2641,228000,8631611
2642,236500,8842356
2643,165000,8842357
2644,220500,8631610
2645,125000,8631609
2646,205000,8631607
2647,210000,8631606
2648,161500,8631605
2649,98500,8631604
2650,172000,8631600
2651,166000,8631599
2652,162000,8631598
2653,109900,8631597
2654,98500,8631595
2655,53000,8620756
2656,138000,8575359
2657,82000,8555842
2658,257500,8518728
2659,142500,9116937
2660,485000,9150919
2661,178500,9150987
2662,325000,8511037
2663,120000,8511036
2664,36000,8495611
2665,740000,8494479
2666,253000,8456048
2667,199900,8456047
2668,195000,8456046
2669,267000,8456044
2670,191000,8456043
2671,965000,8456042
2672,29928,8456041
2673,222500,8388214
2674,71000,8347758
2675,127900,8347757
2676,99000,8347755
2677,595000,9346791
2678,367000,9346815
2679,315000,9346837
2680,73000,8347754
2681,32000,8347753
2682,67500,8347752
2683,81900,8347751
2684,72000,8347749
2685,91000,8347748
2686,182500,8275810
2687,450000,8255592
2688,11000,8246404
2689,62000,8246402
2690,81250,8246399
2691,65000,8246396
2692,44000,8206777
2693,97900,8114821
2694,332000,7955185
2695,334900,7884236
2696,357500,9460097
2697,210000,9461098
2698,223500,9482012
2699,110000,7705237
2700,112000,7610343
2701,269000,7355894
2702,62000,7306811
2703,74000,7306810
2704,122000,7306809
2705,280000,7306808
2706,397534,7261248
2707,520000,7076110
2708,243000,5309547
2709,152000,5306741
2710,37000,5302369
2711,149000,5122123
2712,107000,5122122
2713,119000,5045244
2714,80000,5045243
2715,193500,9697309
2716,190000,9697394
2717,210000,9718287
2718,71500,5045242
2719,80000,5045241
2720,100300,9760578
2721,75000,5045240
2722,204500,4921334
2723,146500,4921333
2724,235000,4921332
2725,359000,4921331
2726,202000,4921330
2727,170000,9835781
2728,165000,9858175
2729,215000,4921329
2730,149500,4914994
2731,115000,4911827
2732,123000,4911825
2733,110000,4894582
2734,55000,4864619
2735,96000,4754801
2736,98000,4626906
2737,136000,4619723
2738,160313,4605028
2739,246500,4605027
2740,193500,4605026
2741,162000,4605025
2742,200000,4605024
2743,155000,4605023
2744,17000,10123181
2745,231000,4605022
2746,87500,10170084
2747,375000,4605021
2748,129859,4605020
2749,220000,4605019
2750,183600,4605018
2751,409000,4605017
2752,177000,4602758
2753,82500,4565257
2754,222500,4535269
2755,84000,4463957
2756,78500,4430470
2757,86000,4415948
2758,103000,10326351
2759,97029,4415945
2760,280000,10412118
2761,284500,10416114
2762,85000,4415944
2763,83000,4415943
2764,81000,4415940
2765,86000,4415939
2766,208500,4415938
2767,117000,4401022
2768,185000,4391078
2769,110000,4391077
2770,120000,4391075
2771,106500,4391074
2772,82000,4391072
2773,110000,4391071
2774,137500,4391070
2775,119000,4391069
2776,109000,4391068
2777,80000,4391065
2778,140000,4391064
2779,249000,10625861
2780,91500,4386578
2781,345000,10668128
2782,60000,4386573
2783,136000,4224811
2784,120000,10754541
2785,64000,10754542
2786,198000,10754543
2787,127500,10754544
2788,145100,10763083
2789,175000,10898847
2790,217900,10898876
2791,102000,4224809
2792,88500,11088240
2793,292500,11234534
2794,125000,4224808
2795,8500,3718319
2796,98000,3718318
2797,79000,3718317
2798,64000,3718316
2799,60000,3718315
2800,34000,3718314
2801,89500,3718313
2802,57000,3718312
2803,48000,3718311
2804,180000,3718310
2805,36500,3718309
2806,60000,3718308
2807,535000,11529164
2808,167000,11529165
2809,540000,11529167
2810,517000,11529168
2811,258500,11529169
2812,509000,11529170
2813,492500,11529172
2814,140000,3718307
2815,154900,11695347
2816,65000,11706016
2817,63000,11706020
2818,101648,11706021
2819,158000,11706033
2820,143000,11706034
2821,70000,3718306
2822,142500,3718305
2823,138500,3718304
2824,145000,12150927
2825,197500,12153993
2826,94500,3718302
2827,139000,3718301
2828,29000,12194381
2829,79900,12205381
2830,94000,12205382
2831,85000,12205383
2832,186500,12420568
2833,130000,3718300
2834,79000,3718299
2835,87500,3718298
2836,142000,12434623
2837,332000,12442723
2838,245000,12442724
2839,255500,12442727
2840,190000,12442728
2841,242500,12442729
2842,240000,12442730
2843,238000,12442731
2844,137000,12442732
2845,207000,12442733
2846,240000,12442734
2847,218000,12442735
2848,83000,3718296
2849,96500,3507144
2850,113900,3507143
2851,150000,3507142
2852,108500,3507141
2853,147000,3507137
2854,499000,12814311
2855,134000,3507134
2856,179900,3507133
2857,63000,3507132
2858,90000,3480077
2859,365000,13073625
2860,55000,3464962
2861,51500,13116172
2862,68000,3438303
2863,86000,13132308
2864,69900,13132310
2865,66200,13132311
2866,70000,3438301
2867,47000,3438299
2868,93000,3438298
2869,70000,3438297
2870,57000,3438296
2871,104900,3438295
2872,55000,3438294
2873,37500,13254999
2874,16800,3420473
2875,81500,13400391
2876,45000,13400599
2877,337500,13416187
2878,175000,3289297
2879,98000,3289296
2880,120000,3289295
2881,99500,3289294
2882,110000,13599879
2883,80100,3289293
2884,89000,3289292
2885,123000,3289291
2886,52500,3289290
2887,80000,13742048
2888,305666,13768006
2889,310000,13778065
2890,203000,13792582
2891,240000,13798854
2892,75000,14014097
2893,195500,14014169
2894,320000,14055981
2895,153000,3289288
2896,527500,14075584
2897,191000,14075589
2898,237000,3289287
2899,315000,3244022
2900,140000,14149917
2901,108000,3244021
2902,289000,3244020
2903,159000,3244018
2904,88000,3244017
2905,173000,3225182
2906,109000,3163623
2907,71000,3155407
2908,80000,3155406
2909,210000,14329741
2910,176000,14329792
2911,100000,3155405
2912,124000,3148400
2913,129000,3148398
2914,591000,3148397
2915,94000,3148393
2916,172500,3131771
2917,48900,3131770
2918,87500,3131769
2919,126000,3131768
2920,50000,3131766
2921,96000,3131751
2922,146500,14447268
2923,98000,3038191
2924,575000,115578
2925,1085000,142319
2926,362000,649849
2927,1200000,4618596
2928,713500,7056426
2929,616500,7770057
2930,4390000,8230620
2931,692600,8731896
2932,2180000,8731897
2933,1100000,9515691
2934,677500,9515692
2935,315000,9515693
2936,1510000,9515694
2937,801000,9515695
2938,2450000,10889349
2939,500000,10889350
2940,1300000,10889351
2941,2146500,10889352
2942,1600000,10889353
2943,725000,10889354
2944,701000,10889355
2945,1465000,10889356
2946,3300000,10889357
2947,1295000,10889358
2948,2050000,10937595
2949,660000,11537621
2950,1550000,11893593
2951,1599000,11893594
2952,4851000,11893595
2953,1390000,11893596
2954,1686500,11893597
2955,920000,11924028
2956,945000,11924029
2957,1125000,11924030
2958,1750000,11924031
2959,750000,11924032
2960,700000,11924033
2961,3900000,11924035
2962,1380000,11924036
2963,1100000,11924037
2964,1360000,11924038
2965,875000,11924039
2966,975000,11924040
2967,500000,13061376
2968,700000,13523382
2969,500000,13669438
2970,2475000,13669439
2971,645000,13669441
2972,1110000,13669442
2973,725000,13816898
2974,1195000,13523381
2975,1145000,13523380
2976,860000,13499068
2977,650000,13476799
2978,729000,13431513
2979,644000,13431512
2980,720000,13431511
2981,990000,13431510
2982,526500,13431509
2983,710500,14052599
2984,607500,14052600
2985,1450000,13431508
2986,774000,13431507
2987,1050000,13431506
2988,551200,13411591
2989,760000,13289336
2990,1760000,13289335
2991,825000,13141427
2992,650000,13089411
2993,1390000,13089410
2994,505000,12912438
2995,445000,12912437
2996,1147500,12912436
2997,702500,14273471
2998,1700000,14341334
2999,885000,14341335
3000,485000,14341336
3001,800000,14341337
3002,1259000,12912435
3003,366000,12849439
3004,486000,12849438
3005,527500,12849437
3006,500000,12849436
3007,1212500,14426209
3008,440000,12849434
3009,488000,12849433
3010,520000,12849432
3011,605000,12849431
3012,601000,12849429
3013,450000,12849428
3014,572000,12555934
3015,1240000,12555306
3016,1850000,12555304
3017,1020000,12554319
3018,2225000,12130933
3019,695000,12130932
3020,1549000,12120946
3021,850000,12057151
3022,2800000,14444026
3023,1575000,14444027
3024,520000,12027580
3025,640000,12027579
3026,1498000,11893603
3027,2325000,11893602
3028,1250000,11893601
3029,1308636,11893600
3030,2297000,11893599
3031,1731000,11893598
3032,1700000,11880584
3033,829000,11548086
3034,643000,11548082
3035,940000,11548081
3036,740000,11548080
3037,675000,11548078
3038,662000,11548077
3039,735000,11548076
3040,717500,11548075
3041,718000,11548074
3042,832000,14668658
3043,1625000,14668659
3044,968000,11548073
3045,925000,14782366
3046,840000,14818389
3047,152000,14819878
3048,303000,14830562
3049,510000,14837219
3050,1282000,11537668
3051,620000,11492647
3052,2820000,11492646
3053,1700000,11492645
3054,570000,11492644
3055,560000,11492643
3056,560000,11492642
3057,300500,11492641
3058,505000,11492640
3059,2450000,15222337
3060,670000,15265438
3061,470000,11492639
3062,1950000,15277533
3063,475000,11492638
3064,1550000,11492637
3065,1550000,11492636
3066,665000,11492635
3067,700000,11366816
3068,555000,11366796
3069,1110000,15327025
3070,775000,15327026
3071,626000,11348932
3072,1000000,15347060
3073,660000,11079582
3074,730000,11079580
3075,490000,11079579
3076,805500,11079576
3077,635000,11079575
3078,725000,11079574
3079,871000,11079573
3080,780000,11079572
3081,550000,11079570
3082,517000,15661306
3083,815000,11079569
3084,520000,15711026
3085,214000,11072652
3086,1000000,9804926
3087,930000,9797512
3088,430000,9797511
3089,760000,9797510
3090,800000,9797439
3091,565000,9797438
3092,24173,9795764
3093,1949000,9671793
3094,3788000,9502170
3095,1250000,9502169
3096,800000,9502168
3097,650000,9502167
3098,1234000,9502166
3099,672500,9502165
3100,555000,9502164
3101,960000,9502163
3102,550000,9502162
3103,5950000,9502161
3104,2677500,9502160
3105,510000,9502159
3106,577000,9502158
3107,1675000,9414717
3108,535000,8885344
3109,520000,8861445
3110,465000,8861444
3111,389000,8861443
3112,370000,8858959
3113,315000,8780380
3114,9091,8780379
3115,555500,8780378
3116,593500,8780376
3117,540000,8780375
3118,203000,8780374
3119,577500,8780373
3120,520000,8780371
3121,475000,8780367
3122,473000,8780135
3123,778000,8780134
3124,625000,8780133
3125,500000,8763867
3126,235000,8763815
3127,407000,17215013
3128,675000,8651394
3129,1300000,8651393
3130,665000,8651392
3131,1500000,8651391
3132,874000,8651390
3133,1150000,8635965
3134,1375000,8572510
3135,800000,8403995
3136,857500,8403993
3137,1725000,8403992
3138,435000,17547510
3139,536000,17547512
3140,283000,17547513
3141,573000,17547514
3142,482500,17547515
3143,625000,17547517
3144,1700000,8403991
3145,625000,8403990
3146,839000,8245055
3147,686500,8245052
3148,575000,8245051
3149,2860000,8239521
3150,2122500,8239520
3151,1298000,8239519
3152,3375000,8239516
3153,1187500,8239515
3154,1525000,8239513
3155,1791000,8239511
3156,1425000,8239510
3157,1407000,8239508
3158,1499000,8239507
3159,1775000,7770056
3160,1649000,7770055
3161,675000,7770054
3162,1075000,7770053
3163,690000,7770052
3164,420000,7770051
3165,1447000,7770050
3166,1100000,7770049
3167,278000,7765100
3168,475500,7328175
3169,487500,7328174
3170,734000,7328173
3171,675000,7328172
3172,2362500,7328171
3173,750000,7328170
3174,775000,7328169
3175,2000000,7328168
3176,875000,7328167
3177,285000,18140406
3178,872000,7150828
3179,426000,7150827
3180,730000,7150826
3181,1375000,7150825
3182,540000,7042560
3183,650000,7042559
3184,1175000,7042558
3185,512000,7032437
3186,540000,7032435
3187,390000,7032434
3188,449000,7032433
3189,287000,7032432
3190,505000,7032431
3191,438000,7032430
3192,560000,7032429
3193,779000,7032428
3194,500000,7032427
3195,500000,7030755
3196,870000,7008733
3197,1200000,7008732
3198,980000,7008723
3199,450000,5153484
3200,445000,5153483
3201,595000,5153482
3202,594000,5153481
3203,440000,5153480
3204,640000,5153479
3205,1525000,5153478
3206,570000,5153477
3207,1236000,5153475
3208,416000,5153474
3209,1085000,5036708
3210,645000,5036086
3211,1250000,5036085
3212,1400000,5036084
3213,759000,5013133
3214,1875000,4976666
3215,1350000,4976665
3216,2100000,4976664
3217,820000,4976662
3218,705000,4976661
3219,1500000,4976660
3220,1475000,4976659
3221,720000,4976658
3222,800000,4976657
3223,2925000,4933838
3224,866000,4933837
3225,385000,4933836
3226,970000,4933835
3227,830000,4933834
3228,1000000,4933833
3229,900000,4933832
3230,521000,4933831
3231,416000,4933830
3232,1650000,4933829
3233,2573000,4933828
3234,663000,4933827
3235,510000,4314156
3236,460000,4314155
3237,179000,4314154
3238,355000,4314153
3239,650000,4314152
3240,289500,4314151
3241,230000,4314150
3242,412000,4314147
3243,720000,4314146
3244,651000,4314145
3245,807000,4314144
3246,535000,4314143
3247,750000,4314142
3248,640000,4314141
3249,565000,4314140
3250,645000,4314138
3251,550000,4314135
3252,413000,3833321
3253,750000,3833320
3254,1650000,19165028
3255,135500,3833319
3256,700000,3833318
3257,725000,3833317
3258,185000,3833315
3259,860000,3833314
3260,650000,3833313
3261,140000,3833312
3262,1320000,3833310
3263,638000,3833309
3264,450000,3833308
3265,698000,3833307
3266,495000,3833306
3267,470000,3833305
3268,2471500,3550432
3269,2175000,3550431
3270,2100000,3550430
3271,2900000,3550429
3272,2800000,3550428
3273,2115000,3550427
3274,678125,3550425
3275,2675000,3550424
3276,965000,3550423
3277,905000,3550422
3278,552000,3550421
3279,1300000,3550420
3280,2572500,3550419
3281,570000,3550418
3282,2348000,3550417
3283,3200000,3550416
3284,660000,3550415
3285,736000,3550414
3286,510000,2624809
3287,465000,2624808
3288,1250000,2624807
3289,830000,2624806
3290,270000,2624805
3291,1229000,2624804
3292,625000,2624803
3293,3900000,2624802
3294,620000,2624801
3295,507500,2624800
3296,1250000,2624799
3297,1039000,2624798
3298,1100000,2624797
3299,625000,2624796
3300,315000,2624795
3301,495000,1680638
3302,677000,1680637
3303,540000,20268264
3304,327500,1680636
3305,520000,1680635
3306,785000,1680634
3307,475000,1680632
3308,255000,1680629
3309,860000,1680628
3310,600000,1680627
3311,1325000,1680626
3312,1350000,1680625
3313,1290000,1680623
3314,500000,1680622
3315,777000,1680621
3316,3200032,1344943
3317,1550000,1344942
3318,1750000,1344941
3319,1770000,1344940
3320,2075000,20290505
3321,365000,20290506
3322,575000,20290507
3323,449000,20290510
3324,815000,20290511
3325,4065000,1344939
3326,3125000,1344938
3327,3350000,1344937
3328,1900000,1344936
3329,3975000,1344935
3330,1680000,1344934
3331,643000,1344933
3332,1060000,1344931
3333,399000,1344930
3334,1925000,1344929
3335,1775000,1344927
3336,805000,1344926
3337,985000,1344925
3338,425500,1344924
3339,975000,1344923
3340,1545500,1344922
3341,720000,1344921
3342,600000,1344920
3343,575000,1344919
3344,2100000,744062
3345,2280000,606485
3346,450000,137905
3347,2100000,110487
3348,925000,13669437
3349,1370000,13669436
3350,1720000,20630155
3351,775000,20630156
3352,1400000,20630157
3353,2510000,20630158
3354,3260000,20630159
3355,1025000,20630160
3356,2450000,20630161
3357,860000,20630162
3358,1200000,13669435
3359,876000,13669434
3360,790000,13669433
3361,480000,21214286
3362,1065000,13669432
3363,1174500,13669431
3364,589000,21251707
3365,1726000,21257332
3366,469000,21363079
3367,593000,21363080
3368,440004,21363086
3369,382500,21363087
3370,531000,21363088
3371,700000,21363089
3372,437000,21363090
3373,1850000,13669430
3374,120000,186214
3375,250000,186215
3376,225500,413097
3377,240000,555350
3378,188000,555351
3379,305000,615731
3380,327500,633091
3381,142000,733464
3382,210000,1526712
3383,215000,1526713
3384,130000,1526714
3385,90000,1526715
3386,109000,1526716
3387,248900,1526717
3388,217500,1526718
3389,159000,1526719
3390,205000,1526721
3391,210000,1526722
3392,165000,1526723
3393,505000,2650830
3394,697500,2650831
3395,350000,2650832
3396,324500,2650833
3397,264900,2650834
3398,295000,2650835
3399,242000,2650836
3400,508000,2650837
3401,221000,2650838
3402,880000,2650839
3403,366000,2650840
3404,392000,2650841
3405,355000,2650842
3406,130000,2749549
3407,195000,2749550
3408,250000,2749551
3409,270000,3167105
3410,100000,4529314
3411,635000,4567321
3412,329000,4567322
3413,119000,4567630
3414,35500,4567632
3415,295000,4606057
3416,325000,4608910
3417,365000,4608911
3418,214900,4713251
3419,215000,4715343
3420,55000,4715345
3421,326500,4715347
3422,364500,4715348
3423,280000,4715349
3424,500000,4715352
3425,315938,4715353
3426,347000,4715354
3427,450000,4715357
3428,375000,7479385
3429,305000,7480629
3430,170000,7480630
3431,357000,7480631
3432,236000,7480634
3433,305000,7480636
3434,187000,7519989
3435,240000,7520503
3436,190000,7548608
3437,383000,7548609
3438,232500,7548891
3439,219000,7548893
3440,510000,7548894
3441,250000,7548895
3442,265000,7548896
3443,480000,7945264
3444,215000,7949848
3445,465000,7949904
3446,440000,7998242
3447,295000,8007705
3448,255000,8011953
3449,297000,8316961
3450,295000,8367394
3451,360000,8367395
3452,269000,8367396
3453,435000,8367399
3454,227000,8367400
3455,293000,8693389
3456,146000,8706102
3457,91000,8706113
3458,260000,8721324
3459,510000,8771141
3460,400000,8826225
3461,123000,8932754
3462,250000,8932757
3463,309000,8936524
3464,361000,8936525
3465,320000,8936527
3466,345000,8993446
3467,276000,9004126
3468,200000,9102956
3469,305000,9114292
3470,320000,9277718
3471,302750,9306851
3472,195000,9638275
3473,489000,9983132
3474,176000,9983432
3475,219900,10140640
3476,240000,10140645
3477,389000,10194511
3478,520000,10267150
3479,361000,10719952
3480,505000,10798872
3481,205000,10798881
3482,247500,11135986
3483,235000,11183427
3484,194000,11183429
3485,231000,11183430
3486,252500,11183432
3487,170000,11183433
3488,110000,11185965
3489,210000,11438955
3490,382500,11561590
3491,115000,11751497
3492,113063,11922155
3493,228000,12108471
3494,305000,12988690
3495,265000,13081980
3496,210000,13091267
3497,1,13463335
3498,347500,13472053
3499,445000,13472055
3500,180000,13472057
3501,187000,13472058
3502,279900,13273483
3503,225000,13273482
3504,299000,13477088
3505,157000,13273463
3506,320000,13273462
3507,656500,13092889
3508,487000,13092886
3509,277500,13092885
3510,425000,13092884
3511,322000,13092883
3512,310000,14067078
3513,359000,13092882
3514,511000,13092880
3515,317000,13081315
3516,465000,13040124
3517,110000,13021739
3518,135000,12908318
3519,435000,12779805
3520,423000,12121839
3521,305000,12121838
3522,347500,12121837
3523,306000,12121836
3524,537500,12121834
3525,365000,12032954
3526,300000,12032953
3527,149900,12031970
3528,430500,11926342
3529,279900,11926340
3530,205000,14116313
3531,135000,14116314
3532,320000,11667613
3533,318000,11667612
3534,285000,14176860
3535,110000,14195517
3536,301000,11667611
3537,260000,11667610
3538,295000,11667609
3539,280000,11667607
3540,303000,11667606
3541,392500,11659933
3542,475000,11496113
3543,275000,11359112
3544,380000,10831192
3545,371000,10831190
3546,225000,14757910
3547,262500,14757922
3548,295000,10831189
3549,221500,10831188
3550,356500,10831186
3551,420000,10831176
3552,290000,10383581
3553,572100,10383580
3554,399900,10383577
3555,270000,15169982
3556,351000,10383575
3557,450000,15264257
3558,375000,15264258
3559,307500,15264259
3560,280000,15287524
3561,255000,15287545
3562,184900,15287554
3563,165000,15360056
3564,25000,10383574
3565,380000,10383573
3566,450000,10383572
3567,384900,10383571
3568,360000,10383570
3569,270000,10377120
3570,267000,10352293
3571,299900,10352292
3572,382500,9984284
3573,555000,9983294
3574,950000,9810289
3575,282000,9698475
3576,132750,9696627
3577,250000,9657913
3578,204000,9657912
3579,199000,9657911
3580,549000,15747215
3581,231000,9657910
3582,243000,9657909
3583,220000,9657908
3584,202000,9657907
3585,342500,9639312
3586,262000,9435345
3587,226000,9405233
3588,350000,9368307
3589,133000,15972276
3590,250000,9368287
3591,305000,9105341
3592,1,8993150
3593,490000,8842273
3594,415000,8829448
3595,360000,8829447
3596,350000,8829446
3597,414500,8829445
3598,335000,8829444
3599,416000,8829443
3600,180000,8721131
3601,300000,8502689
3602,340000,8310039
3603,460000,8310038
3604,415000,8310037
3605,400000,8310032
3606,195000,8205813
3607,260000,16341421
3608,366000,8150468
3609,255000,8079312
3610,245500,8078394
3611,220000,16720174
3612,363000,16720175
3613,247500,16720176
3614,283000,16720177
3615,195000,16720179
3616,111000,16720180
3617,283000,16720181
3618,293814,16720182
3619,326000,16720183
3620,82000,16720199
3621,1,16720200
3622,75000,16720201
3623,82000,16720202
3624,105000,16720203
3625,39900,16720204
3626,88000,16720205
3627,91000,16720206
3628,220000,16720207
3629,239000,16720208
3630,124000,16720209
3631,227000,16720210
3632,111000,16720212
3633,108000,16720213
3634,112500,16720214
3635,380000,8076631
3636,415000,8074323
3637,214000,7998379
3638,197200,7954040
3639,349900,7936453
3640,220000,7874199
3641,991000,7550215
3642,185000,7548926
3643,82000,7548925
3644,220000,7548923
3645,325000,7548922
3646,308000,7548921
3647,605000,7548918
3648,371000,7548454
3649,20000,7548453
3650,652000,7548452
3651,399900,7548451
3652,252000,7548450
3653,423000,7548449
3654,219900,17388388
3655,86000,17506194
3656,338000,7548448
3657,249500,7548447
3658,500000,7548446
3659,266500,7548445
3660,315000,7548444
3661,350000,7548443
3662,350000,7548442
3663,476500,7545878
3664,293000,7545876
3665,313000,7545874
3666,319000,7545873
3667,450000,7545872
3668,353000,7522800
3669,210000,7522188
3670,256500,7480640
3671,350000,7480639
3672,305000,7480638
3673,365000,7480637
3674,100000,7184676
3675,80000,7184674
3676,93500,7184672
3677,243900,7184654
3678,221500,7177922
3679,275000,7070796
3680,265000,4775039
3681,300000,4775038
3682,350000,4775037
3683,415000,18419246
3684,174000,18419247
3685,318000,18419248
3686,298000,18518897
3687,195000,4775036
3688,96900,4715340
3689,189000,4715339
3690,249900,4715337
3691,315000,4571026
3692,352000,4571025
3693,665555,4571024
3694,440000,4571023
3695,334500,19108502
3696,875000,4571022
3697,450000,19195708
3698,290000,19195730
3699,499000,4571021
3700,410000,4571020
3701,580000,4571019
3702,375000,4571018
3703,276000,4571017
3704,460000,4571016
3705,816000,4571015
3706,374900,4571014
3707,405000,4571013
3708,285000,4571012
3709,251750,4571011
3710,250000,4571010
3711,370000,4571009
3712,638000,4571008
3713,412000,4571007
3714,270000,4569550
3715,436000,4569549
3716,195000,19247273
3717,265000,19247274
3718,100000,19247276
3719,95000,19247277
3720,232000,19247278
3721,158600,19247279
3722,242000,19247280
3723,638203,19502498
3724,305000,19502560
3725,280500,4569548
3726,345000,4569547
3727,379000,19956795
3728,291000,19956846
3729,36000,4569538
3730,78000,4569537
3731,113000,4569536
3732,107000,4569535
3733,92500,4569533
3734,94000,4569532
3735,71500,4569531
3736,58000,4569530
3737,52500,4569529
3738,58000,4569528
3739,70000,4569527
3740,64600,4569526
3741,77000,4569525
3742,227000,4541677
3743,255000,4541676
3744,258000,4508222
3745,310000,4508221
3746,275000,4508220
3747,357000,4508219
3748,443000,4508218
3749,269000,4508217
3750,315450,4508216
3751,245000,4508215
3752,241000,4508214
3753,255000,4508213
3754,285000,4508212
3755,378000,4508211
3756,298000,4508210
3757,106000,20442045
3758,383000,4508209
3759,348000,20690883
3760,250000,20690884
3761,270000,20690885
3762,303000,20690888
3763,1,20690889
3764,119900,20690890
3765,159000,20690891
3766,117000,20690892
3767,360000,20690893
3768,295000,20690894
3769,250000,20690895
3770,99000,20690896
3771,99500,20690899
3772,258000,20690900
3773,145000,20690901
3774,140000,20690902
3775,109000,20690903
3776,230000,20690904
3777,159000,20690905
3778,249900,20690906
3779,324900,4508208
3780,407500,4461643
3781,376500,4449016
3782,142000,3740451
3783,95000,22798703
3784,1,3740449
3785,162000,3740448
3786,545000,23153010
3787,144000,3740447
3788,153000,3740446
3789,209000,3733604
3790,361500,3733603
3791,322000,3733602
3792,320000,3733600
3793,214900,3733599
3794,217500,3733598
3795,292500,3733597
3796,150400,3733596
3797,310000,3733595
3798,206000,3733594
3799,387000,3733592
3800,280000,3733591
3801,274000,3733590
3802,450000,3291916
3803,485000,3291915
3804,266500,3291914
3805,287500,3291913
3806,374000,3291912
3807,222500,3291911
3808,285000,3291909
3809,64500,3291908
3810,269900,3291907
3811,177000,3291906
3812,224500,3291905
3813,510000,24427715
3814,501000,24427716
3815,332000,24427717
3816,380000,24427719
3817,425000,24427720
3818,375000,24427721
3819,350000,24427722
3820,173000,25433698
3821,286000,3291903
3822,760000,3291902
3823,250000,3291901
3824,329900,3291900
3825,353400,3291899
3826,215000,3291898
3827,296500,3291897
3828,342000,3291896
3829,381000,3080093
3830,210000,3080092
3831,358000,3080091
3832,340000,3080090
3833,60000,3016338
3834,417500,3016337
3835,320000,3016336
3836,228000,3016335
3837,440000,3016334
3838,123000,3016333
3839,455000,3016332
3840,403000,3016331
3841,166000,3016330
3842,324900,3016329
3843,180000,25630209
3844,302100,3016328
3845,332500,3016327
3846,161000,3016326
3847,335000,3016325
